First Last,First,Last,Company,Domain
Luke Davies,Luke,Davies,Tina Davies Professional,www.tinadavies.com
Matt Quann,Matt,Quann,Ornot,www.ornotbike.com
Rochelle Behrens,Rochelle,Behrens,The Shirt by Rochelle Behrens,www.the-shirt.com
Aurelian Lis,Aurelian,Lis,"Dermalogica, Inc.",www.dermalogica.com
Elizabeth Aileen Spiering,Elizabeth,Spiering,Flora Dancia,www.floradancia.com
Evan Streusand,Evan,Streusand,Fortress of Inca,www.fortressofinca.com
Betsy Johnson,Betsy,Johnson,Swimzip,www.swimzip.com
Geoff Benjamin Clawson,Geoff,Clawson,Birdwell Beach Britches,www.birdwell.com
Jaime Dempsey,Jaime,Dempsey,Atwyld,www.atwyld.com
Adriana Epelboim Levy,Adriana,Levy,Alepel,www.alepel.com
Sang Hoon Lee,Sang,Lee,FaceTory,www.facetory.com
Thier Peraza,Thier,Peraza,Miansai,www.miansai.com
Navroze Mehta,Navroze,Mehta,"Mela Artisans, Inc.",www.melaartisans.com
Natasha Caesar,Natasha,Caesar,"Skone Cosmetics, LLC",www.skonecosmetics.com
Kevin Wohlman,Kevin,Wohlman,Southern Scholar Socks,www.southernscholar.com
David Bonfield,David,Bonfield,Body Aware Inc,www.bodyaware.com
Faye Meshki,Faye,Meshki,Meshki,www.meshki.com.au
Britta Cox,Britta,Cox,Aquis Inc,www.aquis.com
Gary Hughes,Gary,Hughes,Deuce Brand,www.deucebrand.com
Lisa Brochu,,,Brochu Walker,www.brochuwalker.com
