First Last,First,Last,Company,Domain
Jennifer Rose Diehl,Jennifer,Diehl,The Ritzy Rose,www.theritzyrose.com
Samantha Rae Jones,Samantha,Jones,Little Yellow Bird Ltd.,www.littleyellowbird.co.nz
Antti Leinonen,Antti,Leinonen,Lonia Shoes,www.loniashoes.com
Samantha Secrist,Samantha,Secrist,Veronica Beard,www.veronicabeard.com
Anna Pines,Anna,Pines,Muddy Body,www.muddybody.com
Khurram Tirmazi,Khurram,Tirmazi,Pixi Inc.,www.pixibeauty.com
Sarah Ansari,Sarah,Ansari,"Artizara, Inc.",www.artizara.com
Cash Warren,Cash,Warren,Pair Of Thieves,www.pairofthieves.com
Dougall Walker,Dougall,Walker,"VOLCOM, Inc.",www.volcom.com
Julia Hunter,Julia,Hunter,"Kayne, LLC",www.jennikayne.com
Mac Hadar,Mac,Hadar,H. Lorenzo,www.hlorenzo.com
Jamie Senopole,Jamie,Senopole,Sugar Lips,www.sugarlips.com
Gita Zeltzer,Gita,Zeltzer,Xcvi,www.xcvi.com
Benjamin Noori Shenassafar,Benjamin,Shenassafar,The Hundreds,www.thehundreds.com
Admin Psd,Admin,Psd,PSD Underwear,www.psdunderwear.com
Lotte Vink,Lotte,Vink,Labfresh,www.labfresh.eu
Michael Saiger Miansai,Michael,Miansai,Miansai,www.miansai.com
Michelle Rowley,Michelle,Rowley,Kaibosh,www.kaibosh.com
Reyes Ramos,Reyes,Ramos,Agave Denim,www.agavedenim.com
Teddy Santis,,,Aimé Leon Dore,www.aimeleondore.com
